raceId,resultId,driverId,constructorId,number,grid,position,positionText,positionOrder,points,laps,time.x,milliseconds,fastestLap,rank,fastestLapTime,fastestLapSpeed,statusId,status,driverRef,driver_nbr,driver_code,driver_forename,driver_surname,driver_dob,driver_nationality,constructorRef,constructor_name,constructor_nationality,driver_name,year,round,circuitId,name,date,time.y,url,circuitRef,circuit_name,circuit_location,circuit_country,circuit_lat,circuit_lon,circuit_altitude,ytd_pts_total,ytd_pts,ytd_rank
1031,24626,822,131,77,1,1,1,1,25,71,1:30:55.739,5455739,68,2,1:07.657,229.758,1,Finished,bottas,77,BOT,Valtteri,Bottas,1989-08-28,Finnish,mercedes,Mercedes,German,VALTTERI BOTTAS,2020,1,70,Austrian Grand Prix,2020-07-05,13:10:00,https://en.wikipedia.org/wiki/2020_Austrian_Grand_Prix,red_bull_ring,Red Bull Ring,Spielburg,Austria,47.2197,14.7647,\N,135,25,1
1031,24627,844,6,16,7,2,2,2,18,71,+2.700,5458439,64,4,1:07.901,228.933,1,Finished,leclerc,16,LEC,Charles,Leclerc,1997-10-16,Monegasque,ferrari,Ferrari,Italian,CHARLES LECLERC,2020,1,70,Austrian Grand Prix,2020-07-05,13:10:00,https://en.wikipedia.org/wiki/2020_Austrian_Grand_Prix,red_bull_ring,Red Bull Ring,Spielburg,Austria,47.2197,14.7647,\N,49,18,2
1031,24628,846,1,4,3,3,3,3,16,71,+5.491,5461230,71,1,1:07.475,230.378,1,Finished,norris,4,NOR,Lando,Norris,1999-11-13,British,mclaren,McLaren,British,LANDO NORRIS,2020,1,70,Austrian Grand Prix,2020-07-05,13:10:00,https://en.wikipedia.org/wiki/2020_Austrian_Grand_Prix,red_bull_ring,Red Bull Ring,Spielburg,Austria,47.2197,14.7647,\N,65,16,3
1031,24629,1,131,44,5,4,4,4,12,71,+5.689,5461428,67,3,1:07.712,229.572,1,Finished,hamilton,44,HAM,Lewis,Hamilton,1985-01-07,British,mercedes,Mercedes,German,LEWIS HAMILTON,2020,1,70,Austrian Grand Prix,2020-07-05,13:10:00,https://en.wikipedia.org/wiki/2020_Austrian_Grand_Prix,red_bull_ring,Red Bull Ring,Spielburg,Austria,47.2197,14.7647,\N,190,12,4
1031,24630,832,1,55,8,5,5,5,10,71,+8.903,5464642,63,5,1:07.974,228.687,1,Finished,sainz,55,SAI,Carlos,Sainz,1994-09-01,Spanish,mclaren,McLaren,British,CARLOS SAINZ,2020,1,70,Austrian Grand Prix,2020-07-05,13:10:00,https://en.wikipedia.org/wiki/2020_Austrian_Grand_Prix,red_bull_ring,Red Bull Ring,Spielburg,Austria,47.2197,14.7647,\N,41,10,5
1031,24631,815,211,11,6,6,6,6,8,71,+15.092,5470831,63,6,1:08.305,227.579,1,Finished,perez,11,PER,Sergio,PÃ©rez,1990-01-26,Mexican,racing_point,Racing Point,British,SERGIO PÃ©REZ,2020,1,70,Austrian Grand Prix,2020-07-05,13:10:00,https://en.wikipedia.org/wiki/2020_Austrian_Grand_Prix,red_bull_ring,Red Bull Ring,Spielburg,Austria,47.2197,14.7647,\N,44,8,6
1031,24632,842,213,10,12,7,7,7,6,71,+16.682,5472421,64,11,1:09.025,225.205,1,Finished,gasly,10,GAS,Pierre,Gasly,1996-02-07,French,alphatauri,AlphaTauri,Italian,PIERRE GASLY,2020,1,70,Austrian Grand Prix,2020-07-05,13:10:00,https://en.wikipedia.org/wiki/2020_Austrian_Grand_Prix,red_bull_ring,Red Bull Ring,Spielburg,Austria,47.2197,14.7647,\N,43,6,7
1031,24633,839,4,31,14,8,8,8,4,71,+17.456,5473195,64,10,1:08.932,225.509,1,Finished,ocon,31,OCO,Esteban,Ocon,1996-09-17,French,renault,Renault,French,ESTEBAN OCON,2020,1,70,Austrian Grand Prix,2020-07-05,13:10:00,https://en.wikipedia.org/wiki/2020_Austrian_Grand_Prix,red_bull_ring,Red Bull Ring,Spielburg,Austria,47.2197,14.7647,\N,30,4,8
1031,24634,841,51,99,18,9,9,9,2,71,+21.146,5476885,70,9,1:08.796,225.954,1,Finished,giovinazzi,99,GIO,Antonio,Giovinazzi,1993-12-14,Italian,alfa,Alfa Romeo,Italian,ANTONIO GIOVINAZZI,2020,1,70,Austrian Grand Prix,2020-07-05,13:10:00,https://en.wikipedia.org/wiki/2020_Austrian_Grand_Prix,red_bull_ring,Red Bull Ring,Spielburg,Austria,47.2197,14.7647,\N,2,2,9
1031,24635,20,6,5,11,10,10,10,1,71,+24.545,5480284,71,8,1:08.623,226.524,1,Finished,vettel,5,VET,Sebastian,Vettel,1987-07-03,German,ferrari,Ferrari,Italian,SEBASTIAN VETTEL,2020,1,70,Austrian Grand Prix,2020-07-05,13:10:00,https://en.wikipedia.org/wiki/2020_Austrian_Grand_Prix,red_bull_ring,Red Bull Ring,Spielburg,Austria,47.2197,14.7647,\N,17,1,10
1031,24636,849,3,6,20,11,11,11,0,71,+31.650,5487389,63,16,1:09.662,223.146,1,Finished,latifi,6,LAT,Nicholas,Latifi,1995-06-29,Canadian,williams,Williams,British,NICHOLAS LATIFI,2020,1,70,Austrian Grand Prix,2020-07-05,13:10:00,https://en.wikipedia.org/wiki/2020_Austrian_Grand_Prix,red_bull_ring,Red Bull Ring,Spielburg,Austria,47.2197,14.7647,\N,0,0,15
1031,24637,826,213,26,13,12,12,12,0,69,\N,\N,50,13,1:09.135,224.847,22,Suspension,kvyat,26,KVY,Daniil,Kvyat,1994-04-26,Russian,alphatauri,AlphaTauri,Italian,DANIIL KVYAT,2020,1,70,Austrian Grand Prix,2020-07-05,13:10:00,https://en.wikipedia.org/wiki/2020_Austrian_Grand_Prix,red_bull_ring,Red Bull Ring,Spielburg,Austria,47.2197,14.7647,\N,10,0,12
1031,24638,848,9,23,4,13,13,13,0,67,\N,\N,50,7,1:08.432,227.156,40,Electronics,albon,23,ALB,Alexander,Albon,1996-03-23,Thai,red_bull,Red Bull,Austrian,ALEXANDER ALBON,2020,1,70,Austrian Grand Prix,2020-07-05,13:10:00,https://en.wikipedia.org/wiki/2020_Austrian_Grand_Prix,red_bull_ring,Red Bull Ring,Spielburg,Austria,47.2197,14.7647,\N,63,0,18
1031,24639,8,51,7,19,\N,R,14,0,53,\N,\N,48,12,1:09.031,225.185,36,Wheel,raikkonen,7,RAI,Kimi,RÃ¤ikkÃ¶nen,1979-10-17,Finnish,alfa,Alfa Romeo,Italian,KIMI RÃ¤IKKÃ¶NEN,2020,1,70,Austrian Grand Prix,2020-07-05,13:10:00,https://en.wikipedia.org/wiki/2020_Austrian_Grand_Prix,red_bull_ring,Red Bull Ring,Spielburg,Austria,47.2197,14.7647,\N,2,0,11
1031,24641,154,210,8,15,\N,R,16,0,49,\N,\N,46,17,1:10.228,221.347,23,Brakes,grosjean,8,GRO,Romain,Grosjean,1986-04-17,French,haas,Haas F1 Team,American,ROMAIN GROSJEAN,2020,1,70,Austrian Grand Prix,2020-07-05,13:10:00,https://en.wikipedia.org/wiki/2020_Austrian_Grand_Prix,red_bull_ring,Red Bull Ring,Spielburg,Austria,47.2197,14.7647,\N,0,0,20
1031,24642,825,210,20,16,\N,R,17,0,24,\N,\N,23,20,1:10.720,219.807,23,Brakes,kevin_magnussen,20,MAG,Kevin,Magnussen,1992-10-05,Danish,haas,Haas F1 Team,American,KEVIN MAGNUSSEN,2020,1,70,Austrian Grand Prix,2020-07-05,13:10:00,https://en.wikipedia.org/wiki/2020_Austrian_Grand_Prix,red_bull_ring,Red Bull Ring,Spielburg,Austria,47.2197,14.7647,\N,1,0,17
1031,24643,840,211,18,9,\N,R,18,0,20,\N,\N,4,18,1:10.326,221.039,5,Engine,stroll,18,STR,Lance,Stroll,1998-10-29,Canadian,racing_point,Racing Point,British,LANCE STROLL,2020,1,70,Austrian Grand Prix,2020-07-05,13:10:00,https://en.wikipedia.org/wiki/2020_Austrian_Grand_Prix,red_bull_ring,Red Bull Ring,Spielburg,Austria,47.2197,14.7647,\N,57,0,19
1031,24640,847,3,63,17,\N,R,15,0,49,\N,\N,49,14,1:09.317,224.256,32,Fuel pressure,russell,63,RUS,George,Russell,1998-02-15,British,williams,Williams,British,GEORGE RUSSELL,2020,1,70,Austrian Grand Prix,2020-07-05,13:10:00,https://en.wikipedia.org/wiki/2020_Austrian_Grand_Prix,red_bull_ring,Red Bull Ring,Spielburg,Austria,47.2197,14.7647,\N,0,0,13
1031,24645,830,9,33,2,\N,R,20,0,11,\N,\N,5,15,1:09.351,224.146,40,Electronics,max_verstappen,33,VER,Max,Verstappen,1997-09-30,Dutch,red_bull,Red Bull,Austrian,MAX VERSTAPPEN,2020,1,70,Austrian Grand Prix,2020-07-05,13:10:00,https://en.wikipedia.org/wiki/2020_Austrian_Grand_Prix,red_bull_ring,Red Bull Ring,Spielburg,Austria,47.2197,14.7647,\N,110,0,14
1031,24644,817,4,3,10,\N,R,19,0,17,\N,\N,8,19,1:10.610,220.150,25,Overheating,ricciardo,3,RIC,Daniel,Ricciardo,1989-07-01,Australian,renault,Renault,French,DANIEL RICCIARDO,2020,1,70,Austrian Grand Prix,2020-07-05,13:10:00,https://en.wikipedia.org/wiki/2020_Austrian_Grand_Prix,red_bull_ring,Red Bull Ring,Spielburg,Austria,47.2197,14.7647,\N,53,0,16
1032,24647,822,131,77,4,2,2,2,18,71,+13.719,4984402,62,7,1:07.534,230.177,1,Finished,bottas,77,BOT,Valtteri,Bottas,1989-08-28,Finnish,mercedes,Mercedes,German,VALTTERI BOTTAS,2020,2,70,Styrian Grand Prix,2020-07-12,13:10:00,https://en.wikipedia.org/wiki/2020_Styrian_Grand_Prix,red_bull_ring,Red Bull Ring,Spielburg,Austria,47.2197,14.7647,\N,135,43,1
1032,24646,1,131,44,1,1,1,1,25,71,1:22:50.683,4970683,68,3,1:06.719,232.989,1,Finished,hamilton,44,HAM,Lewis,Hamilton,1985-01-07,British,mercedes,Mercedes,German,LEWIS HAMILTON,2020,2,70,Styrian Grand Prix,2020-07-12,13:10:00,https://en.wikipedia.org/wiki/2020_Styrian_Grand_Prix,red_bull_ring,Red Bull Ring,Spielburg,Austria,47.2197,14.7647,\N,190,37,2
1032,24650,846,1,4,9,5,5,5,10,71,+1:01.470,5032153,66,5,1:07.193,231.345,1,Finished,norris,4,NOR,Lando,Norris,1999-11-13,British,mclaren,McLaren,British,LANDO NORRIS,2020,2,70,Styrian Grand Prix,2020-07-12,13:10:00,https://en.wikipedia.org/wiki/2020_Styrian_Grand_Prix,red_bull_ring,Red Bull Ring,Spielburg,Austria,47.2197,14.7647,\N,65,26,3
1032,24664,844,6,16,14,\N,R,19,0,4,\N,\N,3,19,1:35.379,162.979,130,Collision damage,leclerc,16,LEC,Charles,Leclerc,1997-10-16,Monegasque,ferrari,Ferrari,Italian,CHARLES LECLERC,2020,2,70,Styrian Grand Prix,2020-07-12,13:10:00,https://en.wikipedia.org/wiki/2020_Styrian_Grand_Prix,red_bull_ring,Red Bull Ring,Spielburg,Austria,47.2197,14.7647,\N,49,18,4
1032,24651,815,211,11,17,6,6,6,8,71,+1:02.387,5033070,68,4,1:07.188,231.362,1,Finished,perez,11,PER,Sergio,PÃ©rez,1990-01-26,Mexican,racing_point,Racing Point,British,SERGIO PÃ©REZ,2020,2,70,Styrian Grand Prix,2020-07-12,13:10:00,https://en.wikipedia.org/wiki/2020_Styrian_Grand_Prix,red_bull_ring,Red Bull Ring,Spielburg,Austria,47.2197,14.7647,\N,44,16,5
1032,24648,830,9,33,2,3,3,3,15,71,+33.698,5004381,70,2,1:06.145,235.010,1,Finished,max_verstappen,33,VER,Max,Verstappen,1997-09-30,Dutch,red_bull,Red Bull,Austrian,MAX VERSTAPPEN,2020,2,70,Styrian Grand Prix,2020-07-12,13:10:00,https://en.wikipedia.org/wiki/2020_Styrian_Grand_Prix,red_bull_ring,Red Bull Ring,Spielburg,Austria,47.2197,14.7647,\N,110,15,6
1032,24654,832,1,55,3,9,9,9,3,70,\N,\N,68,1,1:05.619,236.894,11,+1 Lap,sainz,55,SAI,Carlos,Sainz,1994-09-01,Spanish,mclaren,McLaren,British,CARLOS SAINZ,2020,2,70,Styrian Grand Prix,2020-07-12,13:10:00,https://en.wikipedia.org/wiki/2020_Styrian_Grand_Prix,red_bull_ring,Red Bull Ring,Spielburg,Austria,47.2197,14.7647,\N,41,13,7
1032,24649,848,9,23,6,4,4,4,12,71,+44.400,5015083,67,6,1:07.299,230.981,1,Finished,albon,23,ALB,Alexander,Albon,1996-03-23,Thai,red_bull,Red Bull,Austrian,ALEXANDER ALBON,2020,2,70,Styrian Grand Prix,2020-07-12,13:10:00,https://en.wikipedia.org/wiki/2020_Styrian_Grand_Prix,red_bull_ring,Red Bull Ring,Spielburg,Austria,47.2197,14.7647,\N,63,12,8
1032,24652,840,211,18,12,7,7,7,6,71,+1:02.453,5033136,65,10,1:07.833,229.162,1,Finished,stroll,18,STR,Lance,Stroll,1998-10-29,Canadian,racing_point,Racing Point,British,LANCE STROLL,2020,2,70,Styrian Grand Prix,2020-07-12,13:10:00,https://en.wikipedia.org/wiki/2020_Styrian_Grand_Prix,red_bull_ring,Red Bull Ring,Spielburg,Austria,47.2197,14.7647,\N,57,6,9
1032,24660,842,213,10,7,15,15,15,0,70,\N,\N,69,8,1:07.827,229.183,11,+1 Lap,gasly,10,GAS,Pierre,Gasly,1996-02-07,French,alphatauri,AlphaTauri,Italian,PIERRE GASLY,2020,2,70,Styrian Grand Prix,2020-07-12,13:10:00,https://en.wikipedia.org/wiki/2020_Styrian_Grand_Prix,red_bull_ring,Red Bull Ring,Spielburg,Austria,47.2197,14.7647,\N,43,6,10
1032,24653,817,4,3,8,8,8,8,4,71,+1:02.591,5033274,65,9,1:07.832,229.166,1,Finished,ricciardo,3,RIC,Daniel,Ricciardo,1989-07-01,Australian,renault,Renault,French,DANIEL RICCIARDO,2020,2,70,Styrian Grand Prix,2020-07-12,13:10:00,https://en.wikipedia.org/wiki/2020_Styrian_Grand_Prix,red_bull_ring,Red Bull Ring,Spielburg,Austria,47.2197,14.7647,\N,53,4,11
1032,24663,839,4,31,5,\N,R,18,0,25,\N,\N,22,18,1:09.321,224.243,25,Overheating,ocon,31,OCO,Esteban,Ocon,1996-09-17,French,renault,Renault,French,ESTEBAN OCON,2020,2,70,Styrian Grand Prix,2020-07-12,13:10:00,https://en.wikipedia.org/wiki/2020_Styrian_Grand_Prix,red_bull_ring,Red Bull Ring,Spielburg,Austria,47.2197,14.7647,\N,30,4,12
1032,24659,841,51,99,19,14,14,14,0,70,\N,\N,54,15,1:08.512,226.891,11,+1 Lap,giovinazzi,99,GIO,Antonio,Giovinazzi,1993-12-14,Italian,alfa,Alfa Romeo,Italian,ANTONIO GIOVINAZZI,2020,2,70,Styrian Grand Prix,2020-07-12,13:10:00,https://en.wikipedia.org/wiki/2020_Styrian_Grand_Prix,red_bull_ring,Red Bull Ring,Spielburg,Austria,47.2197,14.7647,\N,2,2,13
1032,24655,826,213,26,13,10,10,10,1,70,\N,\N,60,13,1:08.378,227.336,11,+1 Lap,kvyat,26,KVY,Daniil,Kvyat,1994-04-26,Russian,alphatauri,AlphaTauri,Italian,DANIIL KVYAT,2020,2,70,Styrian Grand Prix,2020-07-12,13:10:00,https://en.wikipedia.org/wiki/2020_Styrian_Grand_Prix,red_bull_ring,Red Bull Ring,Spielburg,Austria,47.2197,14.7647,\N,10,1,14
1032,24665,20,6,5,10,\N,R,20,0,1,\N,\N,\N,0,\N,\N,130,Collision damage,vettel,5,VET,Sebastian,Vettel,1987-07-03,German,ferrari,Ferrari,Italian,SEBASTIAN VETTEL,2020,2,70,Styrian Grand Prix,2020-07-12,13:10:00,https://en.wikipedia.org/wiki/2020_Styrian_Grand_Prix,red_bull_ring,Red Bull Ring,Spielburg,Austria,47.2197,14.7647,\N,17,1,15
1032,24656,8,51,7,16,11,11,11,0,70,\N,\N,57,14,1:08.382,227.322,11,+1 Lap,raikkonen,7,RAI,Kimi,RÃ¤ikkÃ¶nen,1979-10-17,Finnish,alfa,Alfa Romeo,Italian,KIMI RÃ¤IKKÃ¶NEN,2020,2,70,Styrian Grand Prix,2020-07-12,13:10:00,https://en.wikipedia.org/wiki/2020_Styrian_Grand_Prix,red_bull_ring,Red Bull Ring,Spielburg,Austria,47.2197,14.7647,\N,2,0,17
1032,24657,825,210,20,15,12,12,12,0,70,\N,\N,69,11,1:08.009,228.569,11,+1 Lap,kevin_magnussen,20,MAG,Kevin,Magnussen,1992-10-05,Danish,haas,Haas F1 Team,American,KEVIN MAGNUSSEN,2020,2,70,Styrian Grand Prix,2020-07-12,13:10:00,https://en.wikipedia.org/wiki/2020_Styrian_Grand_Prix,red_bull_ring,Red Bull Ring,Spielburg,Austria,47.2197,14.7647,\N,1,0,18
1032,24658,154,210,8,0,13,13,13,0,70,\N,\N,69,12,1:08.047,228.442,11,+1 Lap,grosjean,8,GRO,Romain,Grosjean,1986-04-17,French,haas,Haas F1 Team,American,ROMAIN GROSJEAN,2020,2,70,Styrian Grand Prix,2020-07-12,13:10:00,https://en.wikipedia.org/wiki/2020_Styrian_Grand_Prix,red_bull_ring,Red Bull Ring,Spielburg,Austria,47.2197,14.7647,\N,0,0,19
1032,24661,847,3,63,11,16,16,16,0,69,\N,\N,36,16,1:08.601,226.597,12,+2 Laps,russell,63,RUS,George,Russell,1998-02-15,British,williams,Williams,British,GEORGE RUSSELL,2020,2,70,Styrian Grand Prix,2020-07-12,13:10:00,https://en.wikipedia.org/wiki/2020_Styrian_Grand_Prix,red_bull_ring,Red Bull Ring,Spielburg,Austria,47.2197,14.7647,\N,0,0,16
1032,24662,849,3,6,18,17,17,17,0,69,\N,\N,68,17,1:08.806,225.922,12,+2 Laps,latifi,6,LAT,Nicholas,Latifi,1995-06-29,Canadian,williams,Williams,British,NICHOLAS LATIFI,2020,2,70,Styrian Grand Prix,2020-07-12,13:10:00,https://en.wikipedia.org/wiki/2020_Styrian_Grand_Prix,red_bull_ring,Red Bull Ring,Spielburg,Austria,47.2197,14.7647,\N,0,0,20
1033,24666,1,131,44,1,1,1,1,26,70,1:36:12.473,5772473,70,1,1:16.627,205.823,1,Finished,hamilton,44,HAM,Lewis,Hamilton,1985-01-07,British,mercedes,Mercedes,German,LEWIS HAMILTON,2020,3,11,Hungarian Grand Prix,2020-07-19,13:10:00,https://en.wikipedia.org/wiki/2020_Hungarian_Grand_Prix,hungaroring,Hungaroring,Budapest,Hungary,47.5789,19.2486,\N,190,63,1
1033,24668,822,131,77,2,3,3,3,15,70,+9.452,5781925,66,2,1:17.665,203.072,1,Finished,bottas,77,BOT,Valtteri,Bottas,1989-08-28,Finnish,mercedes,Mercedes,German,VALTTERI BOTTAS,2020,3,11,Hungarian Grand Prix,2020-07-19,13:10:00,https://en.wikipedia.org/wiki/2020_Hungarian_Grand_Prix,hungaroring,Hungaroring,Budapest,Hungary,47.5789,19.2486,\N,135,58,2
1033,24667,830,9,33,7,2,2,2,18,70,+8.702,5781175,60,4,1:19.184,199.176,1,Finished,max_verstappen,33,VER,Max,Verstappen,1997-09-30,Dutch,red_bull,Red Bull,Austrian,MAX VERSTAPPEN,2020,3,11,Hungarian Grand Prix,2020-07-19,13:10:00,https://en.wikipedia.org/wiki/2020_Hungarian_Grand_Prix,hungaroring,Hungaroring,Budapest,Hungary,47.5789,19.2486,\N,110,33,3
1033,24678,846,1,4,8,13,13,13,0,69,\N,\N,42,8,1:19.945,197.280,11,+1 Lap,norris,4,NOR,Lando,Norris,1999-11-13,British,mclaren,McLaren,British,LANDO NORRIS,2020,3,11,Hungarian Grand Prix,2020-07-19,13:10:00,https://en.wikipedia.org/wiki/2020_Hungarian_Grand_Prix,hungaroring,Hungaroring,Budapest,Hungary,47.5789,19.2486,\N,65,26,4
1033,24670,848,9,23,13,5,5,5,10,70,+1:18.316,5850789,68,5,1:19.440,198.534,1,Finished,albon,23,ALB,Alexander,Albon,1996-03-23,Thai,red_bull,Red Bull,Austrian,ALEXANDER ALBON,2020,3,11,Hungarian Grand Prix,2020-07-19,13:10:00,https://en.wikipedia.org/wiki/2020_Hungarian_Grand_Prix,hungaroring,Hungaroring,Budapest,Hungary,47.5789,19.2486,\N,63,22,5
1033,24672,815,211,11,4,7,7,7,6,69,\N,\N,39,10,1:20.090,196.923,11,+1 Lap,perez,11,PER,Sergio,PÃ©rez,1990-01-26,Mexican,racing_point,Racing Point,British,SERGIO PÃ©REZ,2020,3,11,Hungarian Grand Prix,2020-07-19,13:10:00,https://en.wikipedia.org/wiki/2020_Hungarian_Grand_Prix,hungaroring,Hungaroring,Budapest,Hungary,47.5789,19.2486,\N,44,22,6
1033,24669,840,211,18,3,4,4,4,12,70,+57.579,5830052,68,3,1:18.973,199.708,1,Finished,stroll,18,STR,Lance,Stroll,1998-10-29,Canadian,racing_point,Racing Point,British,LANCE STROLL,2020,3,11,Hungarian Grand Prix,2020-07-19,13:10:00,https://en.wikipedia.org/wiki/2020_Hungarian_Grand_Prix,hungaroring,Hungaroring,Budapest,Hungary,47.5789,19.2486,\N,57,18,7
1033,24676,844,6,16,6,11,11,11,0,69,\N,\N,64,16,1:20.821,195.142,11,+1 Lap,leclerc,16,LEC,Charles,Leclerc,1997-10-16,Monegasque,ferrari,Ferrari,Italian,CHARLES LECLERC,2020,3,11,Hungarian Grand Prix,2020-07-19,13:10:00,https://en.wikipedia.org/wiki/2020_Hungarian_Grand_Prix,hungaroring,Hungaroring,Budapest,Hungary,47.5789,19.2486,\N,49,18,8
1033,24674,832,1,55,9,9,9,9,2,69,\N,\N,68,15,1:20.477,195.976,11,+1 Lap,sainz,55,SAI,Carlos,Sainz,1994-09-01,Spanish,mclaren,McLaren,British,CARLOS SAINZ,2020,3,11,Hungarian Grand Prix,2020-07-19,13:10:00,https://en.wikipedia.org/wiki/2020_Hungarian_Grand_Prix,hungaroring,Hungaroring,Budapest,Hungary,47.5789,19.2486,\N,41,15,9
1033,24671,20,6,5,5,6,6,6,8,69,\N,\N,49,14,1:20.363,196.254,11,+1 Lap,vettel,5,VET,Sebastian,Vettel,1987-07-03,German,ferrari,Ferrari,Italian,SEBASTIAN VETTEL,2020,3,11,Hungarian Grand Prix,2020-07-19,13:10:00,https://en.wikipedia.org/wiki/2020_Hungarian_Grand_Prix,hungaroring,Hungaroring,Budapest,Hungary,47.5789,19.2486,\N,17,9,10
1033,24673,817,4,3,11,8,8,8,4,69,\N,\N,46,7,1:19.532,198.305,11,+1 Lap,ricciardo,3,RIC,Daniel,Ricciardo,1989-07-01,Australian,renault,Renault,French,DANIEL RICCIARDO,2020,3,11,Hungarian Grand Prix,2020-07-19,13:10:00,https://en.wikipedia.org/wiki/2020_Hungarian_Grand_Prix,hungaroring,Hungaroring,Budapest,Hungary,47.5789,19.2486,\N,53,8,11
1033,24685,842,213,10,10,\N,R,20,0,15,\N,\N,10,20,1:23.939,187.893,5,Engine,gasly,10,GAS,Pierre,Gasly,1996-02-07,French,alphatauri,AlphaTauri,Italian,PIERRE GASLY,2020,3,11,Hungarian Grand Prix,2020-07-19,13:10:00,https://en.wikipedia.org/wiki/2020_Hungarian_Grand_Prix,hungaroring,Hungaroring,Budapest,Hungary,47.5789,19.2486,\N,43,6,12
1033,24679,839,4,31,14,14,14,14,0,69,\N,\N,40,13,1:20.261,196.503,11,+1 Lap,ocon,31,OCO,Esteban,Ocon,1996-09-17,French,renault,Renault,French,ESTEBAN OCON,2020,3,11,Hungarian Grand Prix,2020-07-19,13:10:00,https://en.wikipedia.org/wiki/2020_Hungarian_Grand_Prix,hungaroring,Hungaroring,Budapest,Hungary,47.5789,19.2486,\N,30,4,13
1033,24682,841,51,99,19,17,17,17,0,69,\N,\N,44,11,1:20.096,196.908,11,+1 Lap,giovinazzi,99,GIO,Antonio,Giovinazzi,1993-12-14,Italian,alfa,Alfa Romeo,Italian,ANTONIO GIOVINAZZI,2020,3,11,Hungarian Grand Prix,2020-07-19,13:10:00,https://en.wikipedia.org/wiki/2020_Hungarian_Grand_Prix,hungaroring,Hungaroring,Budapest,Hungary,47.5789,19.2486,\N,2,2,14
1033,24675,825,210,20,16,10,10,10,1,69,\N,\N,67,6,1:19.457,198.492,11,+1 Lap,kevin_magnussen,20,MAG,Kevin,Magnussen,1992-10-05,Danish,haas,Haas F1 Team,American,KEVIN MAGNUSSEN,2020,3,11,Hungarian Grand Prix,2020-07-19,13:10:00,https://en.wikipedia.org/wiki/2020_Hungarian_Grand_Prix,hungaroring,Hungaroring,Budapest,Hungary,47.5789,19.2486,\N,1,1,15
1033,24677,826,213,26,17,12,12,12,0,69,\N,\N,51,18,1:20.946,194.841,11,+1 Lap,kvyat,26,KVY,Daniil,Kvyat,1994-04-26,Russian,alphatauri,AlphaTauri,Italian,DANIIL KVYAT,2020,3,11,Hungarian Grand Prix,2020-07-19,13:10:00,https://en.wikipedia.org/wiki/2020_Hungarian_Grand_Prix,hungaroring,Hungaroring,Budapest,Hungary,47.5789,19.2486,\N,10,1,16
1033,24680,8,51,7,20,15,15,15,0,69,\N,\N,67,17,1:20.889,194.978,11,+1 Lap,raikkonen,7,RAI,Kimi,RÃ¤ikkÃ¶nen,1979-10-17,Finnish,alfa,Alfa Romeo,Italian,KIMI RÃ¤IKKÃ¶NEN,2020,3,11,Hungarian Grand Prix,2020-07-19,13:10:00,https://en.wikipedia.org/wiki/2020_Hungarian_Grand_Prix,hungaroring,Hungaroring,Budapest,Hungary,47.5789,19.2486,\N,2,0,18
1033,24681,154,210,8,18,16,16,16,0,69,\N,\N,61,12,1:20.232,196.574,11,+1 Lap,grosjean,8,GRO,Romain,Grosjean,1986-04-17,French,haas,Haas F1 Team,American,ROMAIN GROSJEAN,2020,3,11,Hungarian Grand Prix,2020-07-19,13:10:00,https://en.wikipedia.org/wiki/2020_Hungarian_Grand_Prix,hungaroring,Hungaroring,Budapest,Hungary,47.5789,19.2486,\N,0,0,19
1033,24683,847,3,63,12,18,18,18,0,69,\N,\N,67,9,1:19.984,197.184,11,+1 Lap,russell,63,RUS,George,Russell,1998-02-15,British,williams,Williams,British,GEORGE RUSSELL,2020,3,11,Hungarian Grand Prix,2020-07-19,13:10:00,https://en.wikipedia.org/wiki/2020_Hungarian_Grand_Prix,hungaroring,Hungaroring,Budapest,Hungary,47.5789,19.2486,\N,0,0,20
1033,24684,849,3,6,15,19,19,19,0,65,\N,\N,64,19,1:21.198,194.236,15,+5 Laps,latifi,6,LAT,Nicholas,Latifi,1995-06-29,Canadian,williams,Williams,British,NICHOLAS LATIFI,2020,3,11,Hungarian Grand Prix,2020-07-19,13:10:00,https://en.wikipedia.org/wiki/2020_Hungarian_Grand_Prix,hungaroring,Hungaroring,Budapest,Hungary,47.5789,19.2486,\N,0,0,17
1034,24686,1,131,44,1,1,1,1,25,52,1:28:01.283,5281283,45,3,1:29.238,237.652,1,Finished,hamilton,44,HAM,Lewis,Hamilton,1985-01-07,British,mercedes,Mercedes,German,LEWIS HAMILTON,2020,4,9,British Grand Prix,2020-08-02,13:10:00,https://en.wikipedia.org/wiki/2020_British_Grand_Prix,silverstone,Silverstone Circuit,Silverstone,UK,52.0786,-1.01694,\N,190,88,1
1034,24696,822,131,77,2,11,11,11,0,52,+42.167,5323450,41,4,1:29.265,237.580,1,Finished,bottas,77,BOT,Valtteri,Bottas,1989-08-28,Finnish,mercedes,Mercedes,German,VALTTERI BOTTAS,2020,4,9,British Grand Prix,2020-08-02,13:10:00,https://en.wikipedia.org/wiki/2020_British_Grand_Prix,silverstone,Silverstone Circuit,Silverstone,UK,52.0786,-1.01694,\N,135,58,2
1034,24687,830,9,33,3,2,2,2,19,52,+5.856,5287139,52,1,1:27.097,243.494,1,Finished,max_verstappen,33,VER,Max,Verstappen,1997-09-30,Dutch,red_bull,Red Bull,Austrian,MAX VERSTAPPEN,2020,4,9,British Grand Prix,2020-08-02,13:10:00,https://en.wikipedia.org/wiki/2020_British_Grand_Prix,silverstone,Silverstone Circuit,Silverstone,UK,52.0786,-1.01694,\N,110,52,3
1034,24690,846,1,4,5,5,5,5,10,52,+22.277,5303560,41,12,1:30.058,235.488,1,Finished,norris,4,NOR,Lando,Norris,1999-11-13,British,mclaren,McLaren,British,LANDO NORRIS,2020,4,9,British Grand Prix,2020-08-02,13:10:00,https://en.wikipedia.org/wiki/2020_British_Grand_Prix,silverstone,Silverstone Circuit,Silverstone,UK,52.0786,-1.01694,\N,65,36,4
1034,24688,844,6,16,4,3,3,3,15,52,+18.474,5299757,49,9,1:29.813,236.130,1,Finished,leclerc,16,LEC,Charles,Leclerc,1997-10-16,Monegasque,ferrari,Ferrari,Italian,CHARLES LECLERC,2020,4,9,British Grand Prix,2020-08-02,13:10:00,https://en.wikipedia.org/wiki/2020_British_Grand_Prix,silverstone,Silverstone Circuit,Silverstone,UK,52.0786,-1.01694,\N,49,33,5
1034,24693,848,9,23,12,8,8,8,4,52,+32.670,5313953,52,2,1:28.689,239.123,1,Finished,albon,23,ALB,Alexander,Albon,1996-03-23,Thai,red_bull,Red Bull,Austrian,ALEXANDER ALBON,2020,4,9,British Grand Prix,2020-08-02,13:10:00,https://en.wikipedia.org/wiki/2020_British_Grand_Prix,silverstone,Silverstone Circuit,Silverstone,UK,52.0786,-1.01694,\N,63,26,6
1034,24689,817,4,3,8,4,4,4,12,52,+19.650,5300933,49,5,1:29.482,237.004,1,Finished,ricciardo,3,RIC,Daniel,Ricciardo,1989-07-01,Australian,renault,Renault,French,DANIEL RICCIARDO,2020,4,9,British Grand Prix,2020-08-02,13:10:00,https://en.wikipedia.org/wiki/2020_British_Grand_Prix,silverstone,Silverstone Circuit,Silverstone,UK,52.0786,-1.01694,\N,53,20,8
1034,24694,840,211,18,6,9,9,9,2,52,+37.311,5318594,44,13,1:30.475,234.402,1,Finished,stroll,18,STR,Lance,Stroll,1998-10-29,Canadian,racing_point,Racing Point,British,LANCE STROLL,2020,4,9,British Grand Prix,2020-08-02,13:10:00,https://en.wikipedia.org/wiki/2020_British_Grand_Prix,silverstone,Silverstone Circuit,Silverstone,UK,52.0786,-1.01694,\N,57,20,7
1034,24698,832,1,55,7,13,13,13,0,52,+53.370,5334653,47,10,1:29.948,235.776,1,Finished,sainz,55,SAI,Carlos,Sainz,1994-09-01,Spanish,mclaren,McLaren,British,CARLOS SAINZ,2020,4,9,British Grand Prix,2020-08-02,13:10:00,https://en.wikipedia.org/wiki/2020_British_Grand_Prix,silverstone,Silverstone Circuit,Silverstone,UK,52.0786,-1.01694,\N,41,15,9
1034,24691,839,4,31,9,6,6,6,8,52,+26.937,5308220,50,6,1:29.491,236.980,1,Finished,ocon,31,OCO,Esteban,Ocon,1996-09-17,French,renault,Renault,French,ESTEBAN OCON,2020,4,9,British Grand Prix,2020-08-02,13:10:00,https://en.wikipedia.org/wiki/2020_British_Grand_Prix,silverstone,Silverstone Circuit,Silverstone,UK,52.0786,-1.01694,\N,30,12,11
1034,24692,842,213,10,11,7,7,7,6,52,+31.188,5312471,52,7,1:29.603,236.684,1,Finished,gasly,10,GAS,Pierre,Gasly,1996-02-07,French,alphatauri,AlphaTauri,Italian,PIERRE GASLY,2020,4,9,British Grand Prix,2020-08-02,13:10:00,https://en.wikipedia.org/wiki/2020_British_Grand_Prix,silverstone,Silverstone Circuit,Silverstone,UK,52.0786,-1.01694,\N,43,12,10
1034,24695,20,6,5,10,10,10,10,1,52,+41.857,5323140,44,15,1:30.537,234.242,1,Finished,vettel,5,VET,Sebastian,Vettel,1987-07-03,German,ferrari,Ferrari,Italian,SEBASTIAN VETTEL,2020,4,9,British Grand Prix,2020-08-02,13:10:00,https://en.wikipedia.org/wiki/2020_British_Grand_Prix,silverstone,Silverstone Circuit,Silverstone,UK,52.0786,-1.01694,\N,17,10,12
1034,24699,841,51,99,15,14,14,14,0,52,+54.205,5335488,49,17,1:30.977,233.109,1,Finished,giovinazzi,99,GIO,Antonio,Giovinazzi,1993-12-14,Italian,alfa,Alfa Romeo,Italian,ANTONIO GIOVINAZZI,2020,4,9,British Grand Prix,2020-08-02,13:10:00,https://en.wikipedia.org/wiki/2020_British_Grand_Prix,silverstone,Silverstone Circuit,Silverstone,UK,52.0786,-1.01694,\N,2,2,13
1034,24703,826,213,26,19,\N,R,18,0,11,\N,\N,11,18,1:32.443,229.412,3,Accident,kvyat,26,KVY,Daniil,Kvyat,1994-04-26,Russian,alphatauri,AlphaTauri,Italian,DANIIL KVYAT,2020,4,9,British Grand Prix,2020-08-02,13:10:00,https://en.wikipedia.org/wiki/2020_British_Grand_Prix,silverstone,Silverstone Circuit,Silverstone,UK,52.0786,-1.01694,\N,10,1,14
1034,24704,825,210,20,14,\N,R,19,0,1,\N,\N,\N,0,\N,\N,4,Collision,kevin_magnussen,20,MAG,Kevin,Magnussen,1992-10-05,Danish,haas,Haas F1 Team,American,KEVIN MAGNUSSEN,2020,4,9,British Grand Prix,2020-08-02,13:10:00,https://en.wikipedia.org/wiki/2020_British_Grand_Prix,silverstone,Silverstone Circuit,Silverstone,UK,52.0786,-1.01694,\N,1,1,15
1034,24697,847,3,63,20,12,12,12,0,52,+52.004,5333287,41,16,1:30.862,233.404,1,Finished,russell,63,RUS,George,Russell,1998-02-15,British,williams,Williams,British,GEORGE RUSSELL,2020,4,9,British Grand Prix,2020-08-02,13:10:00,https://en.wikipedia.org/wiki/2020_British_Grand_Prix,silverstone,Silverstone Circuit,Silverstone,UK,52.0786,-1.01694,\N,0,0,16
1034,24700,849,3,6,18,15,15,15,0,52,+54.549,5335832,44,14,1:30.501,234.335,1,Finished,latifi,6,LAT,Nicholas,Latifi,1995-06-29,Canadian,williams,Williams,British,NICHOLAS LATIFI,2020,4,9,British Grand Prix,2020-08-02,13:10:00,https://en.wikipedia.org/wiki/2020_British_Grand_Prix,silverstone,Silverstone Circuit,Silverstone,UK,52.0786,-1.01694,\N,0,0,20
1034,24701,154,210,8,17,16,16,16,0,52,+55.050,5336333,49,8,1:29.782,236.212,1,Finished,grosjean,8,GRO,Romain,Grosjean,1986-04-17,French,haas,Haas F1 Team,American,ROMAIN GROSJEAN,2020,4,9,British Grand Prix,2020-08-02,13:10:00,https://en.wikipedia.org/wiki/2020_British_Grand_Prix,silverstone,Silverstone Circuit,Silverstone,UK,52.0786,-1.01694,\N,0,0,19
1034,24702,8,51,7,16,17,17,17,0,51,\N,\N,49,11,1:29.973,235.710,11,+1 Lap,raikkonen,7,RAI,Kimi,RÃ¤ikkÃ¶nen,1979-10-17,Finnish,alfa,Alfa Romeo,Italian,KIMI RÃ¤IKKÃ¶NEN,2020,4,9,British Grand Prix,2020-08-02,13:10:00,https://en.wikipedia.org/wiki/2020_British_Grand_Prix,silverstone,Silverstone Circuit,Silverstone,UK,52.0786,-1.01694,\N,2,0,18
1034,24705,807,211,27,13,\N,W,20,0,0,\N,\N,\N,0,\N,\N,131,Power Unit,hulkenberg,27,HUL,Nico,HÃ¼lkenberg,1987-08-19,German,racing_point,Racing Point,British,NICO HÃ¼LKENBERG,2020,4,9,British Grand Prix,2020-08-02,13:10:00,https://en.wikipedia.org/wiki/2020_British_Grand_Prix,silverstone,Silverstone Circuit,Silverstone,UK,52.0786,-1.01694,\N,6,0,17
1035,24707,1,131,44,2,2,2,2,19,52,+11.326,4793319,43,1,1:28.451,239.766,1,Finished,hamilton,44,HAM,Lewis,Hamilton,1985-01-07,British,mercedes,Mercedes,German,LEWIS HAMILTON,2020,5,9,70th Anniversary Grand Prix,2020-08-09,13:10:00,https://en.wikipedia.org/wiki/70th_Anniversary_Grand_Prix,silverstone,Silverstone Circuit,Silverstone,UK,52.0786,-1.01694,\N,190,107,1
1035,24706,830,9,33,4,1,1,1,25,52,1:19:41.993,4781993,46,2,1:29.465,237.049,1,Finished,max_verstappen,33,VER,Max,Verstappen,1997-09-30,Dutch,red_bull,Red Bull,Austrian,MAX VERSTAPPEN,2020,5,9,70th Anniversary Grand Prix,2020-08-09,13:10:00,https://en.wikipedia.org/wiki/70th_Anniversary_Grand_Prix,silverstone,Silverstone Circuit,Silverstone,UK,52.0786,-1.01694,\N,110,77,2
1035,24708,822,131,77,1,3,3,3,15,52,+19.231,4801224,44,4,1:29.765,236.256,1,Finished,bottas,77,BOT,Valtteri,Bottas,1989-08-28,Finnish,mercedes,Mercedes,German,VALTTERI BOTTAS,2020,5,9,70th Anniversary Grand Prix,2020-08-09,13:10:00,https://en.wikipedia.org/wiki/70th_Anniversary_Grand_Prix,silverstone,Silverstone Circuit,Silverstone,UK,52.0786,-1.01694,\N,135,73,3
1035,24709,844,6,16,8,4,4,4,12,52,+29.289,4811282,39,8,1:30.552,234.203,1,Finished,leclerc,16,LEC,Charles,Leclerc,1997-10-16,Monegasque,ferrari,Ferrari,Italian,CHARLES LECLERC,2020,5,9,70th Anniversary Grand Prix,2020-08-09,13:10:00,https://en.wikipedia.org/wiki/70th_Anniversary_Grand_Prix,silverstone,Silverstone Circuit,Silverstone,UK,52.0786,-1.01694,\N,49,45,4
1035,24714,846,1,4,10,9,9,9,2,52,+1:05.544,4847537,49,11,1:30.698,233.826,1,Finished,norris,4,NOR,Lando,Norris,1999-11-13,British,mclaren,McLaren,British,LANDO NORRIS,2020,5,9,70th Anniversary Grand Prix,2020-08-09,13:10:00,https://en.wikipedia.org/wiki/70th_Anniversary_Grand_Prix,silverstone,Silverstone Circuit,Silverstone,UK,52.0786,-1.01694,\N,65,38,5
1035,24710,848,9,23,9,5,5,5,10,52,+39.146,4821139,46,3,1:29.477,237.017,1,Finished,albon,23,ALB,Alexander,Albon,1996-03-23,Thai,red_bull,Red Bull,Austrian,ALEXANDER ALBON,2020,5,9,70th Anniversary Grand Prix,2020-08-09,13:10:00,https://en.wikipedia.org/wiki/70th_Anniversary_Grand_Prix,silverstone,Silverstone Circuit,Silverstone,UK,52.0786,-1.01694,\N,63,36,6
1035,24711,840,211,18,6,6,6,6,8,52,+42.538,4824531,45,15,1:30.877,233.365,1,Finished,stroll,18,STR,Lance,Stroll,1998-10-29,Canadian,racing_point,Racing Point,British,LANCE STROLL,2020,5,9,70th Anniversary Grand Prix,2020-08-09,13:10:00,https://en.wikipedia.org/wiki/70th_Anniversary_Grand_Prix,silverstone,Silverstone Circuit,Silverstone,UK,52.0786,-1.01694,\N,57,28,7
1035,24719,817,4,3,5,14,14,14,0,51,\N,\N,39,16,1:31.168,232.621,11,+1 Lap,ricciardo,3,RIC,Daniel,Ricciardo,1989-07-01,Australian,renault,Renault,French,DANIEL RICCIARDO,2020,5,9,70th Anniversary Grand Prix,2020-08-09,13:10:00,https://en.wikipedia.org/wiki/70th_Anniversary_Grand_Prix,silverstone,Silverstone Circuit,Silverstone,UK,52.0786,-1.01694,\N,53,20,8
1035,24713,839,4,31,14,8,8,8,4,52,+1:04.773,4846766,50,10,1:30.575,234.144,1,Finished,ocon,31,OCO,Esteban,Ocon,1996-09-17,French,renault,Renault,French,ESTEBAN OCON,2020,5,9,70th Anniversary Grand Prix,2020-08-09,13:10:00,https://en.wikipedia.org/wiki/70th_Anniversary_Grand_Prix,silverstone,Silverstone Circuit,Silverstone,UK,52.0786,-1.01694,\N,30,16,9
1035,24718,832,1,55,12,13,13,13,0,52,+1:14.070,4856063,49,9,1:30.556,234.193,1,Finished,sainz,55,SAI,Carlos,Sainz,1994-09-01,Spanish,mclaren,McLaren,British,CARLOS SAINZ,2020,5,9,70th Anniversary Grand Prix,2020-08-09,13:10:00,https://en.wikipedia.org/wiki/70th_Anniversary_Grand_Prix,silverstone,Silverstone Circuit,Silverstone,UK,52.0786,-1.01694,\N,41,15,10
1035,24716,842,213,10,7,11,11,11,0,52,+1:10.642,4852635,52,7,1:30.092,235.399,1,Finished,gasly,10,GAS,Pierre,Gasly,1996-02-07,French,alphatauri,AlphaTauri,Italian,PIERRE GASLY,2020,5,9,70th Anniversary Grand Prix,2020-08-09,13:10:00,https://en.wikipedia.org/wiki/70th_Anniversary_Grand_Prix,silverstone,Silverstone Circuit,Silverstone,UK,52.0786,-1.01694,\N,43,12,11
1035,24717,20,6,5,11,12,12,12,0,52,+1:13.370,4855363,49,13,1:30.785,233.602,1,Finished,vettel,5,VET,Sebastian,Vettel,1987-07-03,German,ferrari,Ferrari,Italian,SEBASTIAN VETTEL,2020,5,9,70th Anniversary Grand Prix,2020-08-09,13:10:00,https://en.wikipedia.org/wiki/70th_Anniversary_Grand_Prix,silverstone,Silverstone Circuit,Silverstone,UK,52.0786,-1.01694,\N,17,10,12
1035,24712,807,211,27,3,7,7,7,6,52,+55.951,4837944,52,6,1:30.087,235.412,1,Finished,hulkenberg,27,HUL,Nico,HÃ¼lkenberg,1987-08-19,German,racing_point,Racing Point,British,NICO HÃ¼LKENBERG,2020,5,9,70th Anniversary Grand Prix,2020-08-09,13:10:00,https://en.wikipedia.org/wiki/70th_Anniversary_Grand_Prix,silverstone,Silverstone Circuit,Silverstone,UK,52.0786,-1.01694,\N,6,6,13
1035,24715,826,213,26,16,10,10,10,1,52,+1:09.669,4851662,52,12,1:30.738,233.723,1,Finished,kvyat,26,KVY,Daniil,Kvyat,1994-04-26,Russian,alphatauri,AlphaTauri,Italian,DANIIL KVYAT,2020,5,9,70th Anniversary Grand Prix,2020-08-09,13:10:00,https://en.wikipedia.org/wiki/70th_Anniversary_Grand_Prix,silverstone,Silverstone Circuit,Silverstone,UK,52.0786,-1.01694,\N,10,2,14
1035,24722,841,51,99,19,17,17,17,0,51,\N,\N,37,19,1:31.826,230.954,11,+1 Lap,giovinazzi,99,GIO,Antonio,Giovinazzi,1993-12-14,Italian,alfa,Alfa Romeo,Italian,ANTONIO GIOVINAZZI,2020,5,9,70th Anniversary Grand Prix,2020-08-09,13:10:00,https://en.wikipedia.org/wiki/70th_Anniversary_Grand_Prix,silverstone,Silverstone Circuit,Silverstone,UK,52.0786,-1.01694,\N,2,2,15
1035,24725,825,210,20,17,\N,R,20,0,43,\N,\N,39,20,1:31.830,230.944,31,Retired,kevin_magnussen,20,MAG,Kevin,Magnussen,1992-10-05,Danish,haas,Haas F1 Team,American,KEVIN MAGNUSSEN,2020,5,9,70th Anniversary Grand Prix,2020-08-09,13:10:00,https://en.wikipedia.org/wiki/70th_Anniversary_Grand_Prix,silverstone,Silverstone Circuit,Silverstone,UK,52.0786,-1.01694,\N,1,1,16
1035,24720,8,51,7,20,15,15,15,0,51,\N,\N,30,18,1:31.756,231.130,11,+1 Lap,raikkonen,7,RAI,Kimi,RÃ¤ikkÃ¶nen,1979-10-17,Finnish,alfa,Alfa Romeo,Italian,KIMI RÃ¤IKKÃ¶NEN,2020,5,9,70th Anniversary Grand Prix,2020-08-09,13:10:00,https://en.wikipedia.org/wiki/70th_Anniversary_Grand_Prix,silverstone,Silverstone Circuit,Silverstone,UK,52.0786,-1.01694,\N,2,0,19
1035,24721,154,210,8,13,16,16,16,0,51,\N,\N,51,14,1:30.793,233.581,11,+1 Lap,grosjean,8,GRO,Romain,Grosjean,1986-04-17,French,haas,Haas F1 Team,American,ROMAIN GROSJEAN,2020,5,9,70th Anniversary Grand Prix,2020-08-09,13:10:00,https://en.wikipedia.org/wiki/70th_Anniversary_Grand_Prix,silverstone,Silverstone Circuit,Silverstone,UK,52.0786,-1.01694,\N,0,0,20
1035,24723,847,3,63,15,18,18,18,0,51,\N,\N,50,17,1:31.408,232.010,11,+1 Lap,russell,63,RUS,George,Russell,1998-02-15,British,williams,Williams,British,GEORGE RUSSELL,2020,5,9,70th Anniversary Grand Prix,2020-08-09,13:10:00,https://en.wikipedia.org/wiki/70th_Anniversary_Grand_Prix,silverstone,Silverstone Circuit,Silverstone,UK,52.0786,-1.01694,\N,0,0,17
1035,24724,849,3,6,18,19,19,19,0,51,\N,\N,48,5,1:29.950,235.770,11,+1 Lap,latifi,6,LAT,Nicholas,Latifi,1995-06-29,Canadian,williams,Williams,British,NICHOLAS LATIFI,2020,5,9,70th Anniversary Grand Prix,2020-08-09,13:10:00,https://en.wikipedia.org/wiki/70th_Anniversary_Grand_Prix,silverstone,Silverstone Circuit,Silverstone,UK,52.0786,-1.01694,\N,0,0,18
1036,24726,1,131,44,1,1,1,1,25,66,1:31:45.279,5505279,63,2,1:19.822,209.942,1,Finished,hamilton,44,HAM,Lewis,Hamilton,1985-01-07,British,mercedes,Mercedes,German,LEWIS HAMILTON,2020,6,4,Spanish Grand Prix,2020-08-16,13:10:00,https://en.wikipedia.org/wiki/2020_Spanish_Grand_Prix,catalunya,Circuit de Barcelona-Catalunya,MontmelÃ³,Spain,41.57,2.26111,\N,190,132,1
1036,24727,830,9,33,3,2,2,2,18,66,+24.177,5529456,53,4,1:21.477,205.677,1,Finished,max_verstappen,33,VER,Max,Verstappen,1997-09-30,Dutch,red_bull,Red Bull,Austrian,MAX VERSTAPPEN,2020,6,4,Spanish Grand Prix,2020-08-16,13:10:00,https://en.wikipedia.org/wiki/2020_Spanish_Grand_Prix,catalunya,Circuit de Barcelona-Catalunya,MontmelÃ³,Spain,41.57,2.26111,\N,110,95,2
1036,24728,822,131,77,2,3,3,3,16,66,+44.752,5550031,66,1,1:18.183,214.343,1,Finished,bottas,77,BOT,Valtteri,Bottas,1989-08-28,Finnish,mercedes,Mercedes,German,VALTTERI BOTTAS,2020,6,4,Spanish Grand Prix,2020-08-16,13:10:00,https://en.wikipedia.org/wiki/2020_Spanish_Grand_Prix,catalunya,Circuit de Barcelona-Catalunya,MontmelÃ³,Spain,41.57,2.26111,\N,135,89,3
1036,24745,844,6,16,9,\N,R,20,0,38,\N,\N,35,20,1:23.968,199.576,40,Electronics,leclerc,16,LEC,Charles,Leclerc,1997-10-16,Monegasque,ferrari,Ferrari,Italian,CHARLES LECLERC,2020,6,4,Spanish Grand Prix,2020-08-16,13:10:00,https://en.wikipedia.org/wiki/2020_Spanish_Grand_Prix,catalunya,Circuit de Barcelona-Catalunya,MontmelÃ³,Spain,41.57,2.26111,\N,49,45,4
1036,24729,840,211,18,5,4,4,4,12,65,\N,\N,56,8,1:22.024,204.306,11,+1 Lap,stroll,18,STR,Lance,Stroll,1998-10-29,Canadian,racing_point,Racing Point,British,LANCE STROLL,2020,6,4,Spanish Grand Prix,2020-08-16,13:10:00,https://en.wikipedia.org/wiki/2020_Spanish_Grand_Prix,catalunya,Circuit de Barcelona-Catalunya,MontmelÃ³,Spain,41.57,2.26111,\N,57,40,6
1036,24733,848,9,23,6,8,8,8,4,65,\N,\N,41,11,1:22.194,203.883,11,+1 Lap,albon,23,ALB,Alexander,Albon,1996-03-23,Thai,red_bull,Red Bull,Austrian,ALEXANDER ALBON,2020,6,4,Spanish Grand Prix,2020-08-16,13:10:00,https://en.wikipedia.org/wiki/2020_Spanish_Grand_Prix,catalunya,Circuit de Barcelona-Catalunya,MontmelÃ³,Spain,41.57,2.26111,\N,63,40,5
1036,24735,846,1,4,8,10,10,10,1,65,\N,\N,56,13,1:22.392,203.393,11,+1 Lap,norris,4,NOR,Lando,Norris,1999-11-13,British,mclaren,McLaren,British,LANDO NORRIS,2020,6,4,Spanish Grand Prix,2020-08-16,13:10:00,https://en.wikipedia.org/wiki/2020_Spanish_Grand_Prix,catalunya,Circuit de Barcelona-Catalunya,MontmelÃ³,Spain,41.57,2.26111,\N,65,39,7
1036,24730,815,211,11,4,5,5,5,10,65,\N,\N,58,16,1:22.515,203.090,11,+1 Lap,perez,11,PER,Sergio,PÃ©rez,1990-01-26,Mexican,racing_point,Racing Point,British,SERGIO PÃ©REZ,2020,6,4,Spanish Grand Prix,2020-08-16,13:10:00,https://en.wikipedia.org/wiki/2020_Spanish_Grand_Prix,catalunya,Circuit de Barcelona-Catalunya,MontmelÃ³,Spain,41.57,2.26111,\N,44,32,8
1036,24731,832,1,55,7,6,6,6,8,65,\N,\N,59,5,1:21.771,204.938,11,+1 Lap,sainz,55,SAI,Carlos,Sainz,1994-09-01,Spanish,mclaren,McLaren,British,CARLOS SAINZ,2020,6,4,Spanish Grand Prix,2020-08-16,13:10:00,https://en.wikipedia.org/wiki/2020_Spanish_Grand_Prix,catalunya,Circuit de Barcelona-Catalunya,MontmelÃ³,Spain,41.57,2.26111,\N,41,23,9
1036,24736,817,4,3,13,11,11,11,0,65,\N,\N,51,14,1:22.464,203.215,11,+1 Lap,ricciardo,3,RIC,Daniel,Ricciardo,1989-07-01,Australian,renault,Renault,French,DANIEL RICCIARDO,2020,6,4,Spanish Grand Prix,2020-08-16,13:10:00,https://en.wikipedia.org/wiki/2020_Spanish_Grand_Prix,catalunya,Circuit de Barcelona-Catalunya,MontmelÃ³,Spain,41.57,2.26111,\N,53,20,10
1036,24732,20,6,5,11,7,7,7,6,65,\N,\N,48,18,1:22.707,202.618,11,+1 Lap,vettel,5,VET,Sebastian,Vettel,1987-07-03,German,ferrari,Ferrari,Italian,SEBASTIAN VETTEL,2020,6,4,Spanish Grand Prix,2020-08-16,13:10:00,https://en.wikipedia.org/wiki/2020_Spanish_Grand_Prix,catalunya,Circuit de Barcelona-Catalunya,MontmelÃ³,Spain,41.57,2.26111,\N,17,16,11
1036,24738,839,4,31,15,13,13,13,0,65,\N,\N,65,10,1:22.174,203.933,11,+1 Lap,ocon,31,OCO,Esteban,Ocon,1996-09-17,French,renault,Renault,French,ESTEBAN OCON,2020,6,4,Spanish Grand Prix,2020-08-16,13:10:00,https://en.wikipedia.org/wiki/2020_Spanish_Grand_Prix,catalunya,Circuit de Barcelona-Catalunya,MontmelÃ³,Spain,41.57,2.26111,\N,30,16,12
1036,24734,842,213,10,10,9,9,9,2,65,\N,\N,44,17,1:22.543,203.021,11,+1 Lap,gasly,10,GAS,Pierre,Gasly,1996-02-07,French,alphatauri,AlphaTauri,Italian,PIERRE GASLY,2020,6,4,Spanish Grand Prix,2020-08-16,13:10:00,https://en.wikipedia.org/wiki/2020_Spanish_Grand_Prix,catalunya,Circuit de Barcelona-Catalunya,MontmelÃ³,Spain,41.57,2.26111,\N,43,14,13
1036,24737,826,213,26,12,12,12,12,0,65,\N,\N,47,12,1:22.336,203.531,11,+1 Lap,kvyat,26,KVY,Daniil,Kvyat,1994-04-26,Russian,alphatauri,AlphaTauri,Italian,DANIIL KVYAT,2020,6,4,Spanish Grand Prix,2020-08-16,13:10:00,https://en.wikipedia.org/wiki/2020_Spanish_Grand_Prix,catalunya,Circuit de Barcelona-Catalunya,MontmelÃ³,Spain,41.57,2.26111,\N,10,2,15
1036,24741,841,51,99,20,16,16,16,0,65,\N,\N,47,6,1:21.801,204.863,11,+1 Lap,giovinazzi,99,GIO,Antonio,Giovinazzi,1993-12-14,Italian,alfa,Alfa Romeo,Italian,ANTONIO GIOVINAZZI,2020,6,4,Spanish Grand Prix,2020-08-16,13:10:00,https://en.wikipedia.org/wiki/2020_Spanish_Grand_Prix,catalunya,Circuit de Barcelona-Catalunya,MontmelÃ³,Spain,41.57,2.26111,\N,2,2,14
1036,24740,825,210,20,16,15,15,15,0,65,\N,\N,64,19,1:23.474,200.757,11,+1 Lap,kevin_magnussen,20,MAG,Kevin,Magnussen,1992-10-05,Danish,haas,Haas F1 Team,American,KEVIN MAGNUSSEN,2020,6,4,Spanish Grand Prix,2020-08-16,13:10:00,https://en.wikipedia.org/wiki/2020_Spanish_Grand_Prix,catalunya,Circuit de Barcelona-Catalunya,MontmelÃ³,Spain,41.57,2.26111,\N,1,1,16
1036,24739,8,51,7,14,14,14,14,0,65,\N,\N,47,7,1:21.888,204.645,11,+1 Lap,raikkonen,7,RAI,Kimi,RÃ¤ikkÃ¶nen,1979-10-17,Finnish,alfa,Alfa Romeo,Italian,KIMI RÃ¤IKKÃ¶NEN,2020,6,4,Spanish Grand Prix,2020-08-16,13:10:00,https://en.wikipedia.org/wiki/2020_Spanish_Grand_Prix,catalunya,Circuit de Barcelona-Catalunya,MontmelÃ³,Spain,41.57,2.26111,\N,2,0,19
1036,24742,847,3,63,18,17,17,17,0,65,\N,\N,37,15,1:22.503,203.119,11,+1 Lap,russell,63,RUS,George,Russell,1998-02-15,British,williams,Williams,British,GEORGE RUSSELL,2020,6,4,Spanish Grand Prix,2020-08-16,13:10:00,https://en.wikipedia.org/wiki/2020_Spanish_Grand_Prix,catalunya,Circuit de Barcelona-Catalunya,MontmelÃ³,Spain,41.57,2.26111,\N,0,0,17
1036,24743,849,3,6,19,18,18,18,0,64,\N,\N,60,9,1:22.030,204.291,12,+2 Laps,latifi,6,LAT,Nicholas,Latifi,1995-06-29,Canadian,williams,Williams,British,NICHOLAS LATIFI,2020,6,4,Spanish Grand Prix,2020-08-16,13:10:00,https://en.wikipedia.org/wiki/2020_Spanish_Grand_Prix,catalunya,Circuit de Barcelona-Catalunya,MontmelÃ³,Spain,41.57,2.26111,\N,0,0,18
1036,24744,154,210,8,17,19,19,19,0,64,\N,\N,64,3,1:20.409,208.409,12,+2 Laps,grosjean,8,GRO,Romain,Grosjean,1986-04-17,French,haas,Haas F1 Team,American,ROMAIN GROSJEAN,2020,6,4,Spanish Grand Prix,2020-08-16,13:10:00,https://en.wikipedia.org/wiki/2020_Spanish_Grand_Prix,catalunya,Circuit de Barcelona-Catalunya,MontmelÃ³,Spain,41.57,2.26111,\N,0,0,20
1037,24746,1,131,44,1,1,1,1,25,44,1:24:08.761,5048761,28,2,1:47.758,233.990,1,Finished,hamilton,44,HAM,Lewis,Hamilton,1985-01-07,British,mercedes,Mercedes,German,LEWIS HAMILTON,2020,7,13,Belgian Grand Prix,2020-08-30,13:10:00,https://en.wikipedia.org/wiki/2020_Belgian_Grand_Prix,spa,Circuit de Spa-Francorchamps,Spa,Belgium,50.4372,5.97139,\N,190,157,1
1037,24748,830,9,33,3,3,3,3,15,44,+15.455,5064216,27,8,1:48.305,232.809,1,Finished,max_verstappen,33,VER,Max,Verstappen,1997-09-30,Dutch,red_bull,Red Bull,Austrian,MAX VERSTAPPEN,2020,7,13,Belgian Grand Prix,2020-08-30,13:10:00,https://en.wikipedia.org/wiki/2020_Belgian_Grand_Prix,spa,Circuit de Spa-Francorchamps,Spa,Belgium,50.4372,5.97139,\N,110,110,2
1037,24747,822,131,77,2,2,2,2,18,44,+8.448,5057209,27,5,1:47.983,233.503,1,Finished,bottas,77,BOT,Valtteri,Bottas,1989-08-28,Finnish,mercedes,Mercedes,German,VALTTERI BOTTAS,2020,7,13,Belgian Grand Prix,2020-08-30,13:10:00,https://en.wikipedia.org/wiki/2020_Belgian_Grand_Prix,spa,Circuit de Spa-Francorchamps,Spa,Belgium,50.4372,5.97139,\N,135,107,3
1037,24751,848,9,23,5,6,6,6,8,44,+42.712,5091473,27,12,1:48.736,231.886,1,Finished,albon,23,ALB,Alexander,Albon,1996-03-23,Thai,red_bull,Red Bull,Austrian,ALEXANDER ALBON,2020,7,13,Belgian Grand Prix,2020-08-30,13:10:00,https://en.wikipedia.org/wiki/2020_Belgian_Grand_Prix,spa,Circuit de Spa-Francorchamps,Spa,Belgium,50.4372,5.97139,\N,63,48,4
1037,24752,846,1,4,10,7,7,7,6,44,+43.774,5092535,39,11,1:48.552,232.279,1,Finished,norris,4,NOR,Lando,Norris,1999-11-13,British,mclaren,McLaren,British,LANDO NORRIS,2020,7,13,Belgian Grand Prix,2020-08-30,13:10:00,https://en.wikipedia.org/wiki/2020_Belgian_Grand_Prix,spa,Circuit de Spa-Francorchamps,Spa,Belgium,50.4372,5.97139,\N,65,45,5
1037,24759,844,6,16,13,14,14,14,0,44,+1:14.920,5123681,26,4,1:47.840,233.813,1,Finished,leclerc,16,LEC,Charles,Leclerc,1997-10-16,Monegasque,ferrari,Ferrari,Italian,CHARLES LECLERC,2020,7,13,Belgian Grand Prix,2020-08-30,13:10:00,https://en.wikipedia.org/wiki/2020_Belgian_Grand_Prix,spa,Circuit de Spa-Francorchamps,Spa,Belgium,50.4372,5.97139,\N,49,45,6
1037,24754,840,211,18,9,9,9,9,2,44,+52.603,5101364,34,13,1:49.136,231.036,1,Finished,stroll,18,STR,Lance,Stroll,1998-10-29,Canadian,racing_point,Racing Point,British,LANCE STROLL,2020,7,13,Belgian Grand Prix,2020-08-30,13:10:00,https://en.wikipedia.org/wiki/2020_Belgian_Grand_Prix,spa,Circuit de Spa-Francorchamps,Spa,Belgium,50.4372,5.97139,\N,57,42,7
1037,24749,817,4,3,4,4,4,4,13,44,+18.877,5067638,44,1,1:47.483,234.589,1,Finished,ricciardo,3,RIC,Daniel,Ricciardo,1989-07-01,Australian,renault,Renault,French,DANIEL RICCIARDO,2020,7,13,Belgian Grand Prix,2020-08-30,13:10:00,https://en.wikipedia.org/wiki/2020_Belgian_Grand_Prix,spa,Circuit de Spa-Francorchamps,Spa,Belgium,50.4372,5.97139,\N,53,33,8
1037,24755,815,211,11,8,10,10,10,1,44,+53.179,5101940,20,9,1:48.389,232.628,1,Finished,perez,11,PER,Sergio,PÃ©rez,1990-01-26,Mexican,racing_point,Racing Point,British,SERGIO PÃ©REZ,2020,7,13,Belgian Grand Prix,2020-08-30,13:10:00,https://en.wikipedia.org/wiki/2020_Belgian_Grand_Prix,spa,Circuit de Spa-Francorchamps,Spa,Belgium,50.4372,5.97139,\N,44,33,9
1037,24750,839,4,31,6,5,5,5,10,44,+40.650,5089411,44,10,1:48.540,232.305,1,Finished,ocon,31,OCO,Esteban,Ocon,1996-09-17,French,renault,Renault,French,ESTEBAN OCON,2020,7,13,Belgian Grand Prix,2020-08-30,13:10:00,https://en.wikipedia.org/wiki/2020_Belgian_Grand_Prix,spa,Circuit de Spa-Francorchamps,Spa,Belgium,50.4372,5.97139,\N,30,26,10
1037,24765,832,1,55,7,\N,W,20,0,0,\N,\N,\N,0,\N,\N,43,Exhaust,sainz,55,SAI,Carlos,Sainz,1994-09-01,Spanish,mclaren,McLaren,British,CARLOS SAINZ,2020,7,13,Belgian Grand Prix,2020-08-30,13:10:00,https://en.wikipedia.org/wiki/2020_Belgian_Grand_Prix,spa,Circuit de Spa-Francorchamps,Spa,Belgium,50.4372,5.97139,\N,41,23,11
1037,24753,842,213,10,12,8,8,8,4,44,+47.371,5096132,29,3,1:47.839,233.815,1,Finished,gasly,10,GAS,Pierre,Gasly,1996-02-07,French,alphatauri,AlphaTauri,Italian,PIERRE GASLY,2020,7,13,Belgian Grand Prix,2020-08-30,13:10:00,https://en.wikipedia.org/wiki/2020_Belgian_Grand_Prix,spa,Circuit de Spa-Francorchamps,Spa,Belgium,50.4372,5.97139,\N,43,18,12
1037,24758,20,6,5,14,13,13,13,0,44,+1:12.894,5121655,31,16,1:49.958,229.309,1,Finished,vettel,5,VET,Sebastian,Vettel,1987-07-03,German,ferrari,Ferrari,Italian,SEBASTIAN VETTEL,2020,7,13,Belgian Grand Prix,2020-08-30,13:10:00,https://en.wikipedia.org/wiki/2020_Belgian_Grand_Prix,spa,Circuit de Spa-Francorchamps,Spa,Belgium,50.4372,5.97139,\N,17,16,13
1037,24756,826,213,26,11,11,11,11,0,44,+1:10.200,5118961,28,15,1:49.832,229.572,1,Finished,kvyat,26,KVY,Daniil,Kvyat,1994-04-26,Russian,alphatauri,AlphaTauri,Italian,DANIIL KVYAT,2020,7,13,Belgian Grand Prix,2020-08-30,13:10:00,https://en.wikipedia.org/wiki/2020_Belgian_Grand_Prix,spa,Circuit de Spa-Francorchamps,Spa,Belgium,50.4372,5.97139,\N,10,2,14
1037,24763,841,51,99,18,\N,R,18,0,9,\N,\N,9,19,1:51.793,225.545,3,Accident,giovinazzi,99,GIO,Antonio,Giovinazzi,1993-12-14,Italian,alfa,Alfa Romeo,Italian,ANTONIO GIOVINAZZI,2020,7,13,Belgian Grand Prix,2020-08-30,13:10:00,https://en.wikipedia.org/wiki/2020_Belgian_Grand_Prix,spa,Circuit de Spa-Francorchamps,Spa,Belgium,50.4372,5.97139,\N,2,2,15
1037,24762,825,210,20,20,17,17,17,0,44,+1:25.540,5134301,37,7,1:48.083,233.287,1,Finished,kevin_magnussen,20,MAG,Kevin,Magnussen,1992-10-05,Danish,haas,Haas F1 Team,American,KEVIN MAGNUSSEN,2020,7,13,Belgian Grand Prix,2020-08-30,13:10:00,https://en.wikipedia.org/wiki/2020_Belgian_Grand_Prix,spa,Circuit de Spa-Francorchamps,Spa,Belgium,50.4372,5.97139,\N,1,1,16
1037,24757,8,51,7,16,12,12,12,0,44,+1:11.504,5120265,28,14,1:49.822,229.593,1,Finished,raikkonen,7,RAI,Kimi,RÃ¤ikkÃ¶nen,1979-10-17,Finnish,alfa,Alfa Romeo,Italian,KIMI RÃ¤IKKÃ¶NEN,2020,7,13,Belgian Grand Prix,2020-08-30,13:10:00,https://en.wikipedia.org/wiki/2020_Belgian_Grand_Prix,spa,Circuit de Spa-Francorchamps,Spa,Belgium,50.4372,5.97139,\N,2,0,18
1037,24760,154,210,8,17,15,15,15,0,44,+1:16.793,5125554,28,17,1:50.018,229.184,1,Finished,grosjean,8,GRO,Romain,Grosjean,1986-04-17,French,haas,Haas F1 Team,American,ROMAIN GROSJEAN,2020,7,13,Belgian Grand Prix,2020-08-30,13:10:00,https://en.wikipedia.org/wiki/2020_Belgian_Grand_Prix,spa,Circuit de Spa-Francorchamps,Spa,Belgium,50.4372,5.97139,\N,0,0,17
1037,24761,849,3,6,19,16,16,16,0,44,+1:17.795,5126556,32,6,1:48.048,233.362,1,Finished,latifi,6,LAT,Nicholas,Latifi,1995-06-29,Canadian,williams,Williams,British,NICHOLAS LATIFI,2020,7,13,Belgian Grand Prix,2020-08-30,13:10:00,https://en.wikipedia.org/wiki/2020_Belgian_Grand_Prix,spa,Circuit de Spa-Francorchamps,Spa,Belgium,50.4372,5.97139,\N,0,0,19
1037,24764,847,3,63,15,\N,R,19,0,9,\N,\N,5,18,1:51.754,225.624,138,Debris,russell,63,RUS,George,Russell,1998-02-15,British,williams,Williams,British,GEORGE RUSSELL,2020,7,13,Belgian Grand Prix,2020-08-30,13:10:00,https://en.wikipedia.org/wiki/2020_Belgian_Grand_Prix,spa,Circuit de Spa-Francorchamps,Spa,Belgium,50.4372,5.97139,\N,0,0,20
1038,24772,1,131,44,1,7,7,7,7,53,+17.245,6443301,34,1,1:22.746,252.033,1,Finished,hamilton,44,HAM,Lewis,Hamilton,1985-01-07,British,mercedes,Mercedes,German,LEWIS HAMILTON,2020,8,14,Italian Grand Prix,2020-09-06,13:10:00,https://en.wikipedia.org/wiki/2020_Italian_Grand_Prix,monza,Autodromo Nazionale di Monza,Monza,Italy,45.6156,9.28111,\N,190,164,1
1038,24770,822,131,77,2,5,5,5,10,53,+7.108,6433164,51,5,1:23.961,248.386,1,Finished,bottas,77,BOT,Valtteri,Bottas,1989-08-28,Finnish,mercedes,Mercedes,German,VALTTERI BOTTAS,2020,8,14,Italian Grand Prix,2020-09-06,13:10:00,https://en.wikipedia.org/wiki/2020_Italian_Grand_Prix,monza,Autodromo Nazionale di Monza,Monza,Italy,45.6156,9.28111,\N,135,117,2
1038,24782,830,9,33,5,\N,R,17,0,30,\N,\N,10,17,1:25.539,243.804,131,Power Unit,max_verstappen,33,VER,Max,Verstappen,1997-09-30,Dutch,red_bull,Red Bull,Austrian,MAX VERSTAPPEN,2020,8,14,Italian Grand Prix,2020-09-06,13:10:00,https://en.wikipedia.org/wiki/2020_Italian_Grand_Prix,monza,Autodromo Nazionale di Monza,Monza,Italy,45.6156,9.28111,\N,110,110,3
1038,24768,840,211,18,8,3,3,3,15,53,+3.358,6429414,42,3,1:23.897,248.576,1,Finished,stroll,18,STR,Lance,Stroll,1998-10-29,Canadian,racing_point,Racing Point,British,LANCE STROLL,2020,8,14,Italian Grand Prix,2020-09-06,13:10:00,https://en.wikipedia.org/wiki/2020_Italian_Grand_Prix,monza,Autodromo Nazionale di Monza,Monza,Italy,45.6156,9.28111,\N,57,57,4
1038,24769,846,1,4,6,4,4,4,12,53,+6.000,6432056,50,7,1:24.232,247.587,1,Finished,norris,4,NOR,Lando,Norris,1999-11-13,British,mclaren,McLaren,British,LANDO NORRIS,2020,8,14,Italian Grand Prix,2020-09-06,13:10:00,https://en.wikipedia.org/wiki/2020_Italian_Grand_Prix,monza,Autodromo Nazionale di Monza,Monza,Italy,45.6156,9.28111,\N,65,57,5
1038,24780,848,9,23,9,15,15,15,0,53,+37.533,6463589,48,15,1:24.926,245.564,1,Finished,albon,23,ALB,Alexander,Albon,1996-03-23,Thai,red_bull,Red Bull,Austrian,ALEXANDER ALBON,2020,8,14,Italian Grand Prix,2020-09-06,13:10:00,https://en.wikipedia.org/wiki/2020_Italian_Grand_Prix,monza,Autodromo Nazionale di Monza,Monza,Italy,45.6156,9.28111,\N,63,48,6
1038,24783,844,6,16,13,\N,R,18,0,23,\N,\N,19,19,1:26.026,242.424,3,Accident,leclerc,16,LEC,Charles,Leclerc,1997-10-16,Monegasque,ferrari,Ferrari,Italian,CHARLES LECLERC,2020,8,14,Italian Grand Prix,2020-09-06,13:10:00,https://en.wikipedia.org/wiki/2020_Italian_Grand_Prix,monza,Autodromo Nazionale di Monza,Monza,Italy,45.6156,9.28111,\N,49,45,7
1038,24766,842,213,10,10,1,1,1,25,53,1:47:06.056,6426056,34,6,1:24.037,248.162,1,Finished,gasly,10,GAS,Pierre,Gasly,1996-02-07,French,alphatauri,AlphaTauri,Italian,PIERRE GASLY,2020,8,14,Italian Grand Prix,2020-09-06,13:10:00,https://en.wikipedia.org/wiki/2020_Italian_Grand_Prix,monza,Autodromo Nazionale di Monza,Monza,Italy,45.6156,9.28111,\N,43,43,8
1038,24767,832,1,55,3,2,2,2,18,53,+0.415,6426471,40,2,1:23.882,248.620,1,Finished,sainz,55,SAI,Carlos,Sainz,1994-09-01,Spanish,mclaren,McLaren,British,CARLOS SAINZ,2020,8,14,Italian Grand Prix,2020-09-06,13:10:00,https://en.wikipedia.org/wiki/2020_Italian_Grand_Prix,monza,Autodromo Nazionale di Monza,Monza,Italy,45.6156,9.28111,\N,41,41,10
1038,24771,817,4,3,7,6,6,6,8,53,+8.391,6434447,38,4,1:23.898,248.573,1,Finished,ricciardo,3,RIC,Daniel,Ricciardo,1989-07-01,Australian,renault,Renault,French,DANIEL RICCIARDO,2020,8,14,Italian Grand Prix,2020-09-06,13:10:00,https://en.wikipedia.org/wiki/2020_Italian_Grand_Prix,monza,Autodromo Nazionale di Monza,Monza,Italy,45.6156,9.28111,\N,53,41,9
1038,24775,815,211,11,4,10,10,10,1,53,+23.224,6449280,50,8,1:24.336,247.282,1,Finished,perez,11,PER,Sergio,PÃ©rez,1990-01-26,Mexican,racing_point,Racing Point,British,SERGIO PÃ©REZ,2020,8,14,Italian Grand Prix,2020-09-06,13:10:00,https://en.wikipedia.org/wiki/2020_Italian_Grand_Prix,monza,Autodromo Nazionale di Monza,Monza,Italy,45.6156,9.28111,\N,44,34,11
1038,24773,839,4,31,12,8,8,8,4,53,+18.691,6444747,52,11,1:24.490,246.831,1,Finished,ocon,31,OCO,Esteban,Ocon,1996-09-17,French,renault,Renault,French,ESTEBAN OCON,2020,8,14,Italian Grand Prix,2020-09-06,13:10:00,https://en.wikipedia.org/wiki/2020_Italian_Grand_Prix,monza,Autodromo Nazionale di Monza,Monza,Italy,45.6156,9.28111,\N,30,30,12
1038,24785,20,6,5,17,\N,R,20,0,6,\N,\N,4,20,1:27.107,239.415,23,Brakes,vettel,5,VET,Sebastian,Vettel,1987-07-03,German,ferrari,Ferrari,Italian,SEBASTIAN VETTEL,2020,8,14,Italian Grand Prix,2020-09-06,13:10:00,https://en.wikipedia.org/wiki/2020_Italian_Grand_Prix,monza,Autodromo Nazionale di Monza,Monza,Italy,45.6156,9.28111,\N,17,16,13
1038,24774,826,213,26,11,9,9,9,2,53,+22.208,6448264,44,10,1:24.479,246.863,1,Finished,kvyat,26,KVY,Daniil,Kvyat,1994-04-26,Russian,alphatauri,AlphaTauri,Italian,DANIIL KVYAT,2020,8,14,Italian Grand Prix,2020-09-06,13:10:00,https://en.wikipedia.org/wiki/2020_Italian_Grand_Prix,monza,Autodromo Nazionale di Monza,Monza,Italy,45.6156,9.28111,\N,10,4,14
1038,24781,841,51,99,18,16,16,16,0,53,+55.199,6481255,43,14,1:24.856,245.766,1,Finished,giovinazzi,99,GIO,Antonio,Giovinazzi,1993-12-14,Italian,alfa,Alfa Romeo,Italian,ANTONIO GIOVINAZZI,2020,8,14,Italian Grand Prix,2020-09-06,13:10:00,https://en.wikipedia.org/wiki/2020_Italian_Grand_Prix,monza,Autodromo Nazionale di Monza,Monza,Italy,45.6156,9.28111,\N,2,2,15
1038,24784,825,210,20,15,\N,R,19,0,17,\N,\N,10,18,1:25.787,243.099,131,Power Unit,kevin_magnussen,20,MAG,Kevin,Magnussen,1992-10-05,Danish,haas,Haas F1 Team,American,KEVIN MAGNUSSEN,2020,8,14,Italian Grand Prix,2020-09-06,13:10:00,https://en.wikipedia.org/wiki/2020_Italian_Grand_Prix,monza,Autodromo Nazionale di Monza,Monza,Italy,45.6156,9.28111,\N,1,1,16
1038,24776,849,3,6,20,11,11,11,0,53,+32.876,6458932,39,16,1:24.999,245.353,1,Finished,latifi,6,LAT,Nicholas,Latifi,1995-06-29,Canadian,williams,Williams,British,NICHOLAS LATIFI,2020,8,14,Italian Grand Prix,2020-09-06,13:10:00,https://en.wikipedia.org/wiki/2020_Italian_Grand_Prix,monza,Autodromo Nazionale di Monza,Monza,Italy,45.6156,9.28111,\N,0,0,17
1038,24777,154,210,8,16,12,12,12,0,53,+35.164,6461220,48,12,1:24.785,245.972,1,Finished,grosjean,8,GRO,Romain,Grosjean,1986-04-17,French,haas,Haas F1 Team,American,ROMAIN GROSJEAN,2020,8,14,Italian Grand Prix,2020-09-06,13:10:00,https://en.wikipedia.org/wiki/2020_Italian_Grand_Prix,monza,Autodromo Nazionale di Monza,Monza,Italy,45.6156,9.28111,\N,0,0,18
1038,24778,8,51,7,14,13,13,13,0,53,+36.312,6462368,29,13,1:24.835,245.827,1,Finished,raikkonen,7,RAI,Kimi,RÃ¤ikkÃ¶nen,1979-10-17,Finnish,alfa,Alfa Romeo,Italian,KIMI RÃ¤IKKÃ¶NEN,2020,8,14,Italian Grand Prix,2020-09-06,13:10:00,https://en.wikipedia.org/wiki/2020_Italian_Grand_Prix,monza,Autodromo Nazionale di Monza,Monza,Italy,45.6156,9.28111,\N,2,0,19
1038,24779,847,3,63,19,14,14,14,0,53,+36.593,6462649,39,9,1:24.421,247.033,1,Finished,russell,63,RUS,George,Russell,1998-02-15,British,williams,Williams,British,GEORGE RUSSELL,2020,8,14,Italian Grand Prix,2020-09-06,13:10:00,https://en.wikipedia.org/wiki/2020_Italian_Grand_Prix,monza,Autodromo Nazionale di Monza,Monza,Italy,45.6156,9.28111,\N,0,0,20
1039,24786,1,131,44,1,1,1,1,26,59,2:19:35.060,8375060,58,1,1:18.833,239.518,1,Finished,hamilton,44,HAM,Lewis,Hamilton,1985-01-07,British,mercedes,Mercedes,German,LEWIS HAMILTON,2020,9,76,Tuscan Grand Prix,2020-09-13,13:10:00,https://en.wikipedia.org/wiki/2020_Tuscan_Grand_Prix,mugello,Autodromo Internazionale del Mugello,Mugello,Italy,43.9975,11.3719,\N,190,190,1
1039,24787,822,131,77,2,2,2,2,18,59,+4.880,8379940,53,2,1:19.432,237.712,1,Finished,bottas,77,BOT,Valtteri,Bottas,1989-08-28,Finnish,mercedes,Mercedes,German,VALTTERI BOTTAS,2020,9,76,Tuscan Grand Prix,2020-09-13,13:10:00,https://en.wikipedia.org/wiki/2020_Tuscan_Grand_Prix,mugello,Autodromo Internazionale del Mugello,Mugello,Italy,43.9975,11.3719,\N,135,135,2
1039,24804,830,9,33,3,\N,R,19,0,0,\N,\N,\N,0,\N,\N,4,Collision,max_verstappen,33,VER,Max,Verstappen,1997-09-30,Dutch,red_bull,Red Bull,Austrian,MAX VERSTAPPEN,2020,9,76,Tuscan Grand Prix,2020-09-13,13:10:00,https://en.wikipedia.org/wiki/2020_Tuscan_Grand_Prix,mugello,Autodromo Internazionale del Mugello,Mugello,Italy,43.9975,11.3719,\N,110,110,3
1039,24791,846,1,4,11,6,6,6,8,59,+18.883,8393943,59,7,1:21.198,232.542,1,Finished,norris,4,NOR,Lando,Norris,1999-11-13,British,mclaren,McLaren,British,LANDO NORRIS,2020,9,76,Tuscan Grand Prix,2020-09-13,13:10:00,https://en.wikipedia.org/wiki/2020_Tuscan_Grand_Prix,mugello,Autodromo Internazionale del Mugello,Mugello,Italy,43.9975,11.3719,\N,65,65,4
1039,24788,848,9,23,4,3,3,3,15,59,+8.064,8383124,51,3,1:20.039,235.909,1,Finished,albon,23,ALB,Alexander,Albon,1996-03-23,Thai,red_bull,Red Bull,Austrian,ALEXANDER ALBON,2020,9,76,Tuscan Grand Prix,2020-09-13,13:10:00,https://en.wikipedia.org/wiki/2020_Tuscan_Grand_Prix,mugello,Autodromo Internazionale del Mugello,Mugello,Italy,43.9975,11.3719,\N,63,63,5
1039,24798,840,211,18,6,\N,R,13,0,42,\N,\N,42,12,1:22.068,230.077,29,Puncture,stroll,18,STR,Lance,Stroll,1998-10-29,Canadian,racing_point,Racing Point,British,LANCE STROLL,2020,9,76,Tuscan Grand Prix,2020-09-13,13:10:00,https://en.wikipedia.org/wiki/2020_Tuscan_Grand_Prix,mugello,Autodromo Internazionale del Mugello,Mugello,Italy,43.9975,11.3719,\N,57,57,6
1039,24789,817,4,3,8,4,4,4,12,59,+10.417,8385477,57,4,1:20.426,234.774,1,Finished,ricciardo,3,RIC,Daniel,Ricciardo,1989-07-01,Australian,renault,Renault,French,DANIEL RICCIARDO,2020,9,76,Tuscan Grand Prix,2020-09-13,13:10:00,https://en.wikipedia.org/wiki/2020_Tuscan_Grand_Prix,mugello,Autodromo Internazionale del Mugello,Mugello,Italy,43.9975,11.3719,\N,53,53,7
1039,24793,844,6,16,5,8,8,8,4,59,+28.345,8403405,50,9,1:21.229,232.453,1,Finished,leclerc,16,LEC,Charles,Leclerc,1997-10-16,Monegasque,ferrari,Ferrari,Italian,CHARLES LECLERC,2020,9,76,Tuscan Grand Prix,2020-09-13,13:10:00,https://en.wikipedia.org/wiki/2020_Tuscan_Grand_Prix,mugello,Autodromo Internazionale del Mugello,Mugello,Italy,43.9975,11.3719,\N,49,49,8
1039,24790,815,211,11,7,5,5,5,10,59,+15.650,8390710,59,5,1:20.632,234.175,1,Finished,perez,11,PER,Sergio,PÃ©rez,1990-01-26,Mexican,racing_point,Racing Point,British,SERGIO PÃ©REZ,2020,9,76,Tuscan Grand Prix,2020-09-13,13:10:00,https://en.wikipedia.org/wiki/2020_Tuscan_Grand_Prix,mugello,Autodromo Internazionale del Mugello,Mugello,Italy,43.9975,11.3719,\N,44,44,9
1039,24805,842,213,10,16,\N,R,20,0,0,\N,\N,\N,0,\N,\N,4,Collision,gasly,10,GAS,Pierre,Gasly,1996-02-07,French,alphatauri,AlphaTauri,Italian,PIERRE GASLY,2020,9,76,Tuscan Grand Prix,2020-09-13,13:10:00,https://en.wikipedia.org/wiki/2020_Tuscan_Grand_Prix,mugello,Autodromo Internazionale del Mugello,Mugello,Italy,43.9975,11.3719,\N,43,43,10
1039,24803,832,1,55,9,\N,R,18,0,5,\N,\N,5,18,2:14.103,140.802,4,Collision,sainz,55,SAI,Carlos,Sainz,1994-09-01,Spanish,mclaren,McLaren,British,CARLOS SAINZ,2020,9,76,Tuscan Grand Prix,2020-09-13,13:10:00,https://en.wikipedia.org/wiki/2020_Tuscan_Grand_Prix,mugello,Autodromo Internazionale del Mugello,Mugello,Italy,43.9975,11.3719,\N,41,41,11
1039,24799,839,4,31,10,\N,R,14,0,7,\N,\N,6,15,2:11.793,143.270,23,Brakes,ocon,31,OCO,Esteban,Ocon,1996-09-17,French,renault,Renault,French,ESTEBAN OCON,2020,9,76,Tuscan Grand Prix,2020-09-13,13:10:00,https://en.wikipedia.org/wiki/2020_Tuscan_Grand_Prix,mugello,Autodromo Internazionale del Mugello,Mugello,Italy,43.9975,11.3719,\N,30,30,12
1039,24795,20,6,5,14,10,10,10,1,59,+29.983,8405043,59,8,1:21.202,232.531,1,Finished,vettel,5,VET,Sebastian,Vettel,1987-07-03,German,ferrari,Ferrari,Italian,SEBASTIAN VETTEL,2020,9,76,Tuscan Grand Prix,2020-09-13,13:10:00,https://en.wikipedia.org/wiki/2020_Tuscan_Grand_Prix,mugello,Autodromo Internazionale del Mugello,Mugello,Italy,43.9975,11.3719,\N,17,17,13
1039,24792,826,213,26,12,7,7,7,6,59,+21.756,8396816,51,10,1:21.458,231.800,1,Finished,kvyat,26,KVY,Daniil,Kvyat,1994-04-26,Russian,alphatauri,AlphaTauri,Italian,DANIIL KVYAT,2020,9,76,Tuscan Grand Prix,2020-09-13,13:10:00,https://en.wikipedia.org/wiki/2020_Tuscan_Grand_Prix,mugello,Autodromo Internazionale del Mugello,Mugello,Italy,43.9975,11.3719,\N,10,10,14
1039,24794,8,51,7,13,9,9,9,2,59,+29.770,8404830,59,6,1:21.164,232.640,1,Finished,raikkonen,7,RAI,Kimi,RÃ¤ikkÃ¶nen,1979-10-17,Finnish,alfa,Alfa Romeo,Italian,KIMI RÃ¤IKKÃ¶NEN,2020,9,76,Tuscan Grand Prix,2020-09-13,13:10:00,https://en.wikipedia.org/wiki/2020_Tuscan_Grand_Prix,mugello,Autodromo Internazionale del Mugello,Mugello,Italy,43.9975,11.3719,\N,2,2,15
1039,24802,841,51,99,17,\N,R,17,0,5,\N,\N,4,16,2:13.809,141.111,4,Collision,giovinazzi,99,GIO,Antonio,Giovinazzi,1993-12-14,Italian,alfa,Alfa Romeo,Italian,ANTONIO GIOVINAZZI,2020,9,76,Tuscan Grand Prix,2020-09-13,13:10:00,https://en.wikipedia.org/wiki/2020_Tuscan_Grand_Prix,mugello,Autodromo Internazionale del Mugello,Mugello,Italy,43.9975,11.3719,\N,2,2,16
1039,24801,825,210,20,20,\N,R,16,0,5,\N,\N,4,17,2:13.812,141.108,4,Collision,kevin_magnussen,20,MAG,Kevin,Magnussen,1992-10-05,Danish,haas,Haas F1 Team,American,KEVIN MAGNUSSEN,2020,9,76,Tuscan Grand Prix,2020-09-13,13:10:00,https://en.wikipedia.org/wiki/2020_Tuscan_Grand_Prix,mugello,Autodromo Internazionale del Mugello,Mugello,Italy,43.9975,11.3719,\N,1,1,17
1039,24796,847,3,63,18,11,11,11,0,59,+32.404,8407464,58,11,1:21.645,231.269,1,Finished,russell,63,RUS,George,Russell,1998-02-15,British,williams,Williams,British,GEORGE RUSSELL,2020,9,76,Tuscan Grand Prix,2020-09-13,13:10:00,https://en.wikipedia.org/wiki/2020_Tuscan_Grand_Prix,mugello,Autodromo Internazionale del Mugello,Mugello,Italy,43.9975,11.3719,\N,0,0,19
1039,24797,154,210,8,15,12,12,12,0,59,+42.036,8417096,59,13,1:22.263,229.532,1,Finished,grosjean,8,GRO,Romain,Grosjean,1986-04-17,French,haas,Haas F1 Team,American,ROMAIN GROSJEAN,2020,9,76,Tuscan Grand Prix,2020-09-13,13:10:00,https://en.wikipedia.org/wiki/2020_Tuscan_Grand_Prix,mugello,Autodromo Internazionale del Mugello,Mugello,Italy,43.9975,11.3719,\N,0,0,18
1039,24800,849,3,6,19,\N,R,15,0,6,\N,\N,6,14,2:11.365,143.736,4,Collision,latifi,6,LAT,Nicholas,Latifi,1995-06-29,Canadian,williams,Williams,British,NICHOLAS LATIFI,2020,9,76,Tuscan Grand Prix,2020-09-13,13:10:00,https://en.wikipedia.org/wiki/2020_Tuscan_Grand_Prix,mugello,Autodromo Internazionale del Mugello,Mugello,Italy,43.9975,11.3719,\N,0,0,20
